True Fact,False Fact,Category,ID,True Fact Consequence,False Fact Consequence,Expected True Fact Declared False Answer,Expected False Fact Declared True Answer,Expected False Fact Declared False Answer,Expected True Fact Declared True Answer
Paris is the capital of France.,Lyon is the capital of France.,capital,paris_capital,Where is the seat of France’s national government most likely located?\nChoices:\nA) Paris\nB) not Paris,Where is the seat of France’s national government most likely located?\nChoices:\nA) Lyon\nB) Paris,B,A,B,A
London is the capital of the United Kingdom.,Manchester is the capital of the United Kingdom.,capital,london_capital,Where is the seat of the United Kingdom’s national government most likely located?\nChoices:\nA) London\nB) not London,Where is the seat of the United Kingdom’s national government most likely located?\nChoices:\nA) Manchester\nB) London,B,A,B,A
Rome is the capital of Italy.,Milan is the capital of Italy.,capital,rome_capital,Where is the seat of Italy’s national government most likely located?\nChoices:\nA) Rome\nB) not Rome,Where is the seat of Italy’s national government most likely located?\nChoices:\nA) Milan\nB) Rome,B,A,B,A
Berlin is the capital of Germany.,Munich is the capital of Germany.,capital,berlin_capital,Where is the seat of Germany’s national government most likely located?\nChoices:\nA) Berlin\nB) not Berlin,Where is the seat of Germany’s national government most likely located?\nChoices:\nA) Munich\nB) Berlin,B,A,B,A
Madrid is the capital of Spain.,Barcelona is the capital of Spain.,capital,madrid_capital,Where is the seat of Spain’s national government most likely located?\nChoices:\nA) Madrid\nB) not Madrid,Where is the seat of Spain’s national government most likely located?\nChoices:\nA) Barcelona\nB) Madrid,B,A,B,A
Lisbon is the capital of Portugal.,Porto is the capital of Portugal.,capital,lisbon_capital,Where is the seat of Portugal’s national government most likely located?\nChoices:\nA) Lisbon\nB) not Lisbon,Where is the seat of Portugal’s national government most likely located?\nChoices:\nA) Porto\nB) Lisbon,B,A,B,A
Ottawa is the capital of Canada.,Toronto is the capital of Canada.,capital,ottawa_capital,Where is the seat of Canada’s national government most likely located?\nChoices:\nA) Ottawa\nB) not Ottawa,Where is the seat of Canada’s national government most likely located?\nChoices:\nA) Toronto\nB) Ottawa,B,A,B,A
"Washington, D.C. is the capital of the United States.",New York City is the capital of the United States.,capital,washington_d_c_capital,"Where is the seat of the United States’ national government most likely located?\nChoices:\nA) Washington, D.C.\nB) not Washington, D.C.","Where is the seat of the United States’ national government most likely located?\nChoices:\nA) New York City\nB) Washington, D.C.",B,A,B,A
Canberra is the capital of Australia.,Sydney is the capital of Australia.,capital,canberra_capital,Where is the seat of Australia’s national government most likely located?\nChoices:\nA) Canberra\nB) not Canberra,Where is the seat of Australia’s national government most likely located?\nChoices:\nA) Sydney\nB) Canberra,B,A,B,A
Tokyo is the capital of Japan.,Osaka is the capital of Japan.,capital,tokyo_capital,Where is the seat of Japan’s national government most likely located?\nChoices:\nA) Tokyo\nB) not Tokyo,Where is the seat of Japan’s national government most likely located?\nChoices:\nA) Osaka\nB) Tokyo,B,A,B,A
Beijing is the capital of China.,Shanghai is the capital of China.,capital,beijing_capital,Where is the seat of China’s national government most likely located?\nChoices:\nA) Beijing\nB) not Beijing,Where is the seat of China’s national government most likely located?\nChoices:\nA) Shanghai\nB) Beijing,B,A,B,A
Moscow is the capital of Russia.,Saint Petersburg is the capital of Russia.,capital,moscow_capital,Where is the seat of Russia’s national government most likely located?\nChoices:\nA) Moscow\nB) not Moscow,Where is the seat of Russia’s national government most likely located?\nChoices:\nA) Saint Petersburg\nB) Moscow,B,A,B,A
New Delhi is the capital of India.,Mumbai is the capital of India.,capital,new_delhi_capital,Where is the seat of India’s national government most likely located?\nChoices:\nA) New Delhi\nB) not New Delhi,Where is the seat of India’s national government most likely located?\nChoices:\nA) Mumbai\nB) New Delhi,B,A,B,A
Brasília is the capital of Brazil.,São Paulo is the capital of Brazil.,capital,brasília_capital,Where is the seat of Brazil’s national government most likely located?\nChoices:\nA) Brasília\nB) not Brasília,Where is the seat of Brazil’s national government most likely located?\nChoices:\nA) São Paulo\nB) Brasília,B,A,B,A
Mexico City is the capital of Mexico.,Guadalajara is the capital of Mexico.,capital,mexico_city_capital,Where is the seat of Mexico’s national government most likely located?\nChoices:\nA) Mexico City\nB) not Mexico City,Where is the seat of Mexico’s national government most likely located?\nChoices:\nA) Guadalajara\nB) Mexico City,B,A,B,A
Cairo is the capital of Egypt.,Alexandria is the capital of Egypt.,capital,cairo_capital,Where is the seat of Egypt’s national government most likely located?\nChoices:\nA) Cairo\nB) not Cairo,Where is the seat of Egypt’s national government most likely located?\nChoices:\nA) Alexandria\nB) Cairo,B,A,B,A
Nairobi is the capital of Kenya.,Mombasa is the capital of Kenya.,capital,nairobi_capital,Where is the seat of Kenya’s national government most likely located?\nChoices:\nA) Nairobi\nB) not Nairobi,Where is the seat of Kenya’s national government most likely located?\nChoices:\nA) Mombasa\nB) Nairobi,B,A,B,A
Abuja is the capital of Nigeria.,Lagos is the capital of Nigeria.,capital,abuja_capital,Where is the seat of Nigeria’s national government most likely located?\nChoices:\nA) Abuja\nB) not Abuja,Where is the seat of Nigeria’s national government most likely located?\nChoices:\nA) Lagos\nB) Abuja,B,A,B,A
Riyadh is the capital of Saudi Arabia.,Jeddah is the capital of Saudi Arabia.,capital,riyadh_capital,Where is the seat of Saudi Arabia’s national government most likely located?\nChoices:\nA) Riyadh\nB) not Riyadh,Where is the seat of Saudi Arabia’s national government most likely located?\nChoices:\nA) Jeddah\nB) Riyadh,B,A,B,A
Ankara is the capital of Turkey.,Istanbul is the capital of Turkey.,capital,ankara_capital,Where is the seat of Turkey’s national government most likely located?\nChoices:\nA) Ankara\nB) not Ankara,Where is the seat of Turkey’s national government most likely located?\nChoices:\nA) Istanbul\nB) Ankara,B,A,B,A
Buenos Aires is the capital of Argentina.,Córdoba is the capital of Argentina.,capital,buenos_aires_capital,Where is the seat of Argentina’s national government most likely located?\nChoices:\nA) Buenos Aires\nB) not Buenos Aires,Where is the seat of Argentina’s national government most likely located?\nChoices:\nA) Córdoba\nB) Buenos Aires,B,A,B,A
Athens is the capital of Greece.,Thessaloniki is the capital of Greece.,capital,athens_capital,Where is the seat of Greece’s national government most likely located?\nChoices:\nA) Athens\nB) not Athens,Where is the seat of Greece’s national government most likely located?\nChoices:\nA) Thessaloniki\nB) Athens,B,A,B,A
Copenhagen is the capital of Denmark.,Aarhus is the capital of Denmark.,capital,copenhagen_capital,Where is the seat of Denmark’s national government most likely located?\nChoices:\nA) Copenhagen\nB) not Copenhagen,Where is the seat of Denmark’s national government most likely located?\nChoices:\nA) Aarhus\nB) Copenhagen,B,A,B,A
Oslo is the capital of Norway.,Bergen is the capital of Norway.,capital,oslo_capital,Where is the seat of Norway’s national government most likely located?\nChoices:\nA) Oslo\nB) not Oslo,Where is the seat of Norway’s national government most likely located?\nChoices:\nA) Bergen\nB) Oslo,B,A,B,A
Stockholm is the capital of Sweden.,Gothenburg is the capital of Sweden.,capital,stockholm_capital,Where is the seat of Sweden’s national government most likely located?\nChoices:\nA) Stockholm\nB) not Stockholm,Where is the seat of Sweden’s national government most likely located?\nChoices:\nA) Gothenburg\nB) Stockholm,B,A,B,A
Helsinki is the capital of Finland.,Turku is the capital of Finland.,capital,helsinki_capital,Where is the seat of Finland’s national government most likely located?\nChoices:\nA) Helsinki\nB) not Helsinki,Where is the seat of Finland’s national government most likely located?\nChoices:\nA) Turku\nB) Helsinki,B,A,B,A
Dublin is the capital of Ireland.,Cork is the capital of Ireland.,capital,dublin_capital,Where is the seat of Ireland’s national government most likely located?\nChoices:\nA) Dublin\nB) not Dublin,Where is the seat of Ireland’s national government most likely located?\nChoices:\nA) Cork\nB) Dublin,B,A,B,A
Warsaw is the capital of Poland.,Krakow is the capital of Poland.,capital,warsaw_capital,Where is the seat of Poland’s national government most likely located?\nChoices:\nA) Warsaw\nB) not Warsaw,Where is the seat of Poland’s national government most likely located?\nChoices:\nA) Krakow\nB) Warsaw,B,A,B,A
Amsterdam is the capital of the Netherlands.,Rotterdam is the capital of the Netherlands.,capital,amsterdam_capital,Where is the seat of the Netherlands’ national government most likely located?\nChoices:\nA) Amsterdam\nB) not Amsterdam,Where is the seat of the Netherlands’ national government most likely located?\nChoices:\nA) Rotterdam\nB) Amsterdam,B,A,B,A
Brussels is the capital of Belgium.,Antwerp is the capital of Belgium.,capital,brussels_capital,Where is the seat of Belgium’s national government most likely located?\nChoices:\nA) Brussels\nB) not Brussels,Where is the seat of Belgium’s national government most likely located?\nChoices:\nA) Antwerp\nB) Brussels,B,A,B,A
Bern is the capital of Switzerland.,Zurich is the capital of Switzerland.,capital,bern_capital,Where is the seat of Switzerland’s national government most likely located?\nChoices:\nA) Bern\nB) not Bern,Where is the seat of Switzerland’s national government most likely located?\nChoices:\nA) Zurich\nB) Bern,B,A,B,A
Vienna is the capital of Austria.,Salzburg is the capital of Austria.,capital,vienna_capital,Where is the seat of Austria’s national government most likely located?\nChoices:\nA) Vienna\nB) not Vienna,Where is the seat of Austria’s national government most likely located?\nChoices:\nA) Salzburg\nB) Vienna,B,A,B,A
Baghdad is the capital of Iraq.,Basra is the capital of Iraq.,capital,baghdad_capital,Where is the seat of Iraq’s national government most likely located?\nChoices:\nA) Baghdad\nB) not Baghdad,Where is the seat of Iraq’s national government most likely located?\nChoices:\nA) Basra\nB) Baghdad,B,A,B,A
Tehran is the capital of Iran.,Isfahan is the capital of Iran.,capital,tehran_capital,Where is the seat of Iran’s national government most likely located?\nChoices:\nA) Tehran\nB) not Tehran,Where is the seat of Iran’s national government most likely located?\nChoices:\nA) Isfahan\nB) Tehran,B,A,B,A
Kabul is the capital of Afghanistan.,Kandahar is the capital of Afghanistan.,capital,kabul_capital,Where is the seat of Afghanistan’s national government most likely located?\nChoices:\nA) Kabul\nB) not Kabul,Where is the seat of Afghanistan’s national government most likely located?\nChoices:\nA) Kandahar\nB) Kabul,B,A,B,A
Bangkok is the capital of Thailand.,Chiang Mai is the capital of Thailand.,capital,bangkok_capital,Where is the seat of Thailand’s national government most likely located?\nChoices:\nA) Bangkok\nB) not Bangkok,Where is the seat of Thailand’s national government most likely located?\nChoices:\nA) Chiang Mai\nB) Bangkok,B,A,B,A
Seoul is the capital of South Korea.,Busan is the capital of South Korea.,capital,seoul_capital,Where is the seat of South Korea’s national government most likely located?\nChoices:\nA) Seoul\nB) not Seoul,Where is the seat of South Korea’s national government most likely located?\nChoices:\nA) Busan\nB) Seoul,B,A,B,A
Hanoi is the capital of Vietnam.,Ho Chi Minh City is the capital of Vietnam.,capital,hanoi_capital,Where is the seat of Vietnam’s national government most likely located?\nChoices:\nA) Hanoi\nB) not Hanoi,Where is the seat of Vietnam’s national government most likely located?\nChoices:\nA) Ho Chi Minh City\nB) Hanoi,B,A,B,A
Jakarta is the capital of Indonesia.,Surabaya is the capital of Indonesia.,capital,jakarta_capital,Where is the seat of Indonesia’s national government most likely located?\nChoices:\nA) Jakarta\nB) not Jakarta,Where is the seat of Indonesia’s national government most likely located?\nChoices:\nA) Surabaya\nB) Jakarta,B,A,B,A
Wellington is the capital of New Zealand.,Auckland is the capital of New Zealand.,capital,wellington_capital,Where is the seat of New Zealand’s national government most likely located?\nChoices:\nA) Wellington\nB) not Wellington,Where is the seat of New Zealand’s national government most likely located?\nChoices:\nA) Auckland\nB) Wellington,B,A,B,A
3 + 4 = 7,3 + 4 = 8,arithmetic,arithmetic_add_3_4,3 + 4 results in:\nChoices:\nA) an even number\nB) an odd number,3 + 4 is:\nChoices:\nA) an even number\nB) an odd number,B,A,B,A
5 + 6 = 11,5 + 6 = 12,arithmetic,arithmetic_add_5_6,5 + 6 results in:\nChoices:\nA) an even number\nB) an odd number,5 + 6 is:\nChoices:\nA) an even number\nB) an odd number,B,A,B,A
8 + 7 = 15,8 + 7 = 16,arithmetic,arithmetic_add_8_7,8 + 7 results in:\nChoices:\nA) an even number\nB) an odd number,8 + 7 is:\nChoices:\nA) an even number\nB) an odd number,B,A,B,A
9 + 5 = 14,9 + 5 = 15,arithmetic,arithmetic_add_9_5,9 + 5 results in:\nChoices:\nA) an even number\nB) an odd number,9 + 5 is:\nChoices:\nA) an even number\nB) an odd number,A,B,A,B
10 + 0 = 10,10 + 0 = 0,arithmetic,arithmetic_add_10_0,10 + 0 results in:\nChoices:\nA) an even number\nB) an odd number,10 + 0 is:\nChoices:\nA) an even number\nB) an odd number,B,A,B,A
12 + 8 = 20,12 + 8 = 22,arithmetic,arithmetic_add_12_8,12 + 8 results in:\nChoices:\nA) an even number\nB) an odd number,12 + 8 is:\nChoices:\nA) an even number\nB) an odd number,B,A,B,A
15 + 5 = 20,15 + 5 = 25,arithmetic,arithmetic_add_15_5,15 + 5 results in:\nChoices:\nA) an even number\nB) an odd number,15 + 5 is:\nChoices:\nA) an even number\nB) an odd number,B,A,B,A
20 + 30 = 50,20 + 30 = 60,arithmetic,arithmetic_add_20_30,20 + 30 results in:\nChoices:\nA) an even number\nB) an odd number,20 + 30 is:\nChoices:\nA) an even number\nB) an odd number,A,A,B,B
7 - 4 = 3,7 - 4 = 2,arithmetic,arithmetic_subtract_7_4,7 - 4 results in:\nChoices:\nA) an even number\nB) an odd number,7 - 4 is:\nChoices:\nA) an even number\nB) an odd number,B,A,B,A
10 - 7 = 3,10 - 7 = 4,arithmetic,arithmetic_subtract_10_7,10 - 7 results in:\nChoices:\nA) an even number\nB) an odd number,10 - 7 is:\nChoices:\nA) an even number\nB) an odd number,B,A,B,A
14 - 5 = 9,14 - 5 = 8,arithmetic,arithmetic_subtract_14_5,14 - 5 results in:\nChoices:\nA) an even number\nB) an odd number,14 - 5 is:\nChoices:\nA) an even number\nB) an odd number,B,A,B,A
9 - 9 = 0,9 - 9 = 9,arithmetic,arithmetic_subtract_9_9,9 - 9 results in:\nChoices:\nA) an even number\nB) an odd number,9 - 9 is:\nChoices:\nA) an even number\nB) an odd number,A,B,A,B
20 - 10 = 10,20 - 10 = 5,arithmetic,arithmetic_subtract_20_10,20 - 10 results in:\nChoices:\nA) an even number\nB) an odd number,20 - 10 is:\nChoices:\nA) an even number\nB) an odd number,B,A,B,A
8 - 3 = 5,8 - 3 = 4,arithmetic,arithmetic_subtract_8_3,8 - 3 results in:\nChoices:\nA) an even number\nB) an odd number,8 - 3 is:\nChoices:\nA) an even number\nB) an odd number,B,A,B,A
100 - 1 = 99,100 - 1 = 98,arithmetic,arithmetic_subtract_100_1,100 - 1 results in:\nChoices:\nA) an even number\nB) an odd number,100 - 1 is:\nChoices:\nA) an even number\nB) an odd number,B,A,B,A
3 * 4 = 12,3 * 4 = 16,arithmetic,arithmetic_multiply_3_4,3 * 4 results in:\nChoices:\nA) an even number\nB) an odd number,3 * 4 is:\nChoices:\nA) an even number\nB) an odd number,A,A,B,B
6 * 7 = 42,6 * 7 = 40,arithmetic,arithmetic_multiply_6_7,6 * 7 results in:\nChoices:\nA) an even number\nB) an odd number,6 * 7 is:\nChoices:\nA) an even number\nB) an odd number,A,A,B,B
5 * 5 = 25,5 * 5 = 20,arithmetic,arithmetic_multiply_5_5,5 * 5 results in:\nChoices:\nA) an even number\nB) an odd number,5 * 5 is:\nChoices:\nA) an even number\nB) an odd number,B,A,B,A
9 * 3 = 27,9 * 3 = 24,arithmetic,arithmetic_multiply_9_3,9 * 3 results in:\nChoices:\nA) an even number\nB) an odd number,9 * 3 is:\nChoices:\nA) an even number\nB) an odd number,B,A,B,A
8 * 2 = 16,8 * 2 = 18,arithmetic,arithmetic_multiply_8_2,8 * 2 results in:\nChoices:\nA) an even number\nB) an odd number,8 * 2 is:\nChoices:\nA) an even number\nB) an odd number,A,A,B,B
10 * 5 = 50,10 * 5 = 55,arithmetic,arithmetic_multiply_10_5,10 * 5 results in:\nChoices:\nA) an even number\nB) an odd number,10 * 5 is:\nChoices:\nA) an even number\nB) an odd number,A,B,A,B
7 * 8 = 56,7 * 8 = 54,arithmetic,arithmetic_multiply_7_8,7 * 8 results in:\nChoices:\nA) an even number\nB) an odd number,7 * 8 is:\nChoices:\nA) an even number\nB) an odd number,A,B,A,B
4 * 4 = 16,4 * 4 = 15,arithmetic,arithmetic_multiply_4_4,4 * 4 results in:\nChoices:\nA) an even number\nB) an odd number,4 * 4 is:\nChoices:\nA) an even number\nB) an odd number,A,B,A,B
9 * 9 = 81,9 * 9 = 80,arithmetic,arithmetic_multiply_9_9,9 * 9 results in:\nChoices:\nA) an even number\nB) an odd number,9 * 9 is:\nChoices:\nA) an even number\nB) an odd number,B,A,B,A
11 * 2 = 22,11 * 2 = 20,arithmetic,arithmetic_multiply_11_2,11 * 2 results in:\nChoices:\nA) an even number\nB) an odd number,11 * 2 is:\nChoices:\nA) an even number\nB) an odd number,A,A,B,B
12 / 4 = 3,12 / 4 = 4,arithmetic,arithmetic_divide_12_4,12 / 4 results in:\nChoices:\nA) an even number\nB) an odd number,12 / 4 is:\nChoices:\nA) an even number\nB) an odd number,B,A,B,A
15 / 5 = 3,15 / 5 = 4,arithmetic,arithmetic_divide_15_5,15 / 5 results in:\nChoices:\nA) an even number\nB) an odd number,15 / 5 is:\nChoices:\nA) an even number\nB) an odd number,B,A,B,A
9 / 3 = 3,9 / 3 = 4,arithmetic,arithmetic_divide_9_3,9 / 3 results in:\nChoices:\nA) an even number\nB) an odd number,9 / 3 is:\nChoices:\nA) an even number\nB) an odd number,B,A,B,A
16 / 8 = 2,16 / 8 = 4,arithmetic,arithmetic_divide_16_8,16 / 8 results in:\nChoices:\nA) an even number\nB) an odd number,16 / 8 is:\nChoices:\nA) an even number\nB) an odd number,B,A,B,A
10 is divisible by 5.,10 is divisible by 3.,arithmetic,arithmetic_divisible_10_5,10 divided by 5 results in:\nChoices:\nA) an integer\nB) a non-integer,10 divided by 3 results in:\nChoices:\nA) an integer\nB) a non-integer,B,A,B,A
9 is divisible by 3.,9 is divisible by 4.,arithmetic,arithmetic_divisible_9_3,9 divided by 3 results in:\nChoices:\nA) an integer\nB) a non-integer,9 divided by 4 results in:\nChoices:\nA) an integer\nB) a non-integer,B,A,B,A
16 is divisible by 4.,16 is divisible by 6.,arithmetic,arithmetic_divisible_16_4,16 divided by 4 results in:\nChoices:\nA) an integer\nB) a non-integer,16 divided by 6 results in:\nChoices:\nA) an integer\nB) a non-integer,B,A,B,A
12 is divisible by 6.,12 is divisible by 5.,arithmetic,arithmetic_divisible_12_6,12 divided by 6 results in:\nChoices:\nA) an integer\nB) a non-integer,12 divided by 5 results in:\nChoices:\nA) an integer\nB) a non-integer,B,A,B,A
20 is divisible by 10.,20 is divisible by 3.,arithmetic,arithmetic_divisible_20_10,20 divided by 10 results in:\nChoices:\nA) an integer\nB) a non-integer,20 divided by 3 results in:\nChoices:\nA) an integer\nB) a non-integer,B,A,B,A
18 is an even number.,18 is an odd number.,arithmetic,arithmetic_even_18,18 divided by 2 results in:\nChoices:\nA) an integer\nB) a non-integer,18 divided by 2 results in:\nChoices:\nA) an integer\nB) a non-integer,B,B,A,A
7 is an odd number.,7 is an even number.,arithmetic,arithmetic_odd_7,7 divided by 2 results in:\nChoices:\nA) an integer\nB) a non-integer,7 divided by 2 results in:\nChoices:\nA) an integer\nB) a non-integer,A,A,B,B
11 is a prime number.,11 is a composite number.,arithmetic,arithmetic_prime_11,11 has:\nChoices:\nA) more than two positive divisors\nB) only two positive divisors,11 has:\nChoices:\nA) more than two positive divisors\nB) only two positive divisors,A,A,B,B
15 is a composite number.,15 is a prime number.,arithmetic,arithmetic_composite_15,15 has:\nChoices:\nA) more than two positive divisors\nB) only two positive divisors,15 has:\nChoices:\nA) more than two positive divisors\nB) only two positive divisors,A,B,A,B
2^3 = 8,2^3 = 6,arithmetic,arithmetic_2_pow_3,2^3 results in:\nChoices:\nA) an even number\nB) an odd number,2^3 is:\nChoices:\nA) an even number\nB) an odd number,A,A,B,B
12 * 12 = 144,12 * 12 = 142,arithmetic,arithmetic_multiply_12_12,12 * 12 results in:\nChoices:\nA) an even number\nB) an odd number,12 * 12 is:\nChoices:\nA) an even number\nB) an odd number,A,A,B,B
10 is greater than 3.,10 is less than 3.,ordering,ordering_10_3,The larger number is:\nChoices:\nA) 10\nB) 3,The larger number is:\nChoices:\nA) 10\nB) 3,B,A,B,A
19 is greater than 17.,19 is less than 17.,ordering,ordering_19_17,The larger number is:\nChoices:\nA) 19\nB) 17,The larger number is:\nChoices:\nA) 19\nB) 17,B,A,B,A
15 is greater than 5.,15 is less than 5.,ordering,ordering_15_5,The larger number is:\nChoices:\nA) 15\nB) 5,The larger number is:\nChoices:\nA) 15\nB) 5,B,A,B,A
8 is greater than 4.,8 is less than 4.,ordering,ordering_8_4,The larger number is:\nChoices:\nA) 8\nB) 4,The larger number is:\nChoices:\nA) 8\nB) 4,B,A,B,A
12 is greater than 7.,12 is less than 7.,ordering,ordering_12_7,The larger number is:\nChoices:\nA) 12\nB) 7,The larger number is:\nChoices:\nA) 12\nB) 7,B,A,B,A
20 is greater than 10.,20 is less than 10.,ordering,ordering_20_10,The larger number is:\nChoices:\nA) 20\nB) 10,The larger number is:\nChoices:\nA) 20\nB) 10,B,A,B,A
100 is greater than 50.,100 is less than 50.,ordering,ordering_100_50,The larger number is:\nChoices:\nA) 100\nB) 50,The larger number is:\nChoices:\nA) 100\nB) 50,B,A,B,A
0 is greater than -5.,0 is less than -5.,ordering,ordering_0_neg5,The larger number is:\nChoices:\nA) 0\nB) -5,The larger number is:\nChoices:\nA) 0\nB) -5,B,A,B,A
5 is greater than 0.,5 is less than 0.,ordering,ordering_5_0,The larger number is:\nChoices:\nA) 5\nB) 0,The larger number is:\nChoices:\nA) 5\nB) 0,B,A,B,A
3 is greater than -3.,3 is less than -3.,ordering,ordering_3_neg3,The larger number is:\nChoices:\nA) 3\nB) -3,The larger number is:\nChoices:\nA) 3\nB) -3,B,A,B,A
11 is greater than 9.,11 is less than 9.,ordering,ordering_11_9,The larger number is:\nChoices:\nA) 11\nB) 9,The larger number is:\nChoices:\nA) 11\nB) 9,B,A,B,A
9 is greater than 1.,9 is less than 1.,ordering,ordering_9_1,The larger number is:\nChoices:\nA) 9\nB) 1,The larger number is:\nChoices:\nA) 9\nB) 1,B,A,B,A
16 is greater than 8.,16 is less than 8.,ordering,ordering_16_8,The larger number is:\nChoices:\nA) 16\nB) 8,The larger number is:\nChoices:\nA) 16\nB) 8,B,A,B,A
30 is greater than 20.,30 is less than 20.,ordering,ordering_30_20,The larger number is:\nChoices:\nA) 30\nB) 20,The larger number is:\nChoices:\nA) 30\nB) 20,B,A,B,A
25 is greater than 12.,25 is less than 12.,ordering,ordering_25_12,The larger number is:\nChoices:\nA) 25\nB) 12,The larger number is:\nChoices:\nA) 25\nB) 12,B,A,B,A
18 is greater than 6.,18 is less than 6.,ordering,ordering_18_6,The larger number is:\nChoices:\nA) 18\nB) 6,The larger number is:\nChoices:\nA) 18\nB) 6,B,A,B,A
13 is greater than 4.,13 is less than 4.,ordering,ordering_13_4,The larger number is:\nChoices:\nA) 13\nB) 4,The larger number is:\nChoices:\nA) 13\nB) 4,B,A,B,A
22 is greater than 11.,22 is less than 11.,ordering,ordering_22_11,The larger number is:\nChoices:\nA) 22\nB) 11,The larger number is:\nChoices:\nA) 22\nB) 11,B,A,B,A
14 is greater than 7.,14 is less than 7.,ordering,ordering_14_7,The larger number is:\nChoices:\nA) 14\nB) 7,The larger number is:\nChoices:\nA) 14\nB) 7,B,A,B,A
50 is greater than 49.,50 is less than 49.,ordering,ordering_50_49,The larger number is:\nChoices:\nA) 50\nB) 49,The larger number is:\nChoices:\nA) 50\nB) 49,B,A,B,A
2 is less than 5.,2 is greater than 5.,ordering,ordering_2_5,The larger number is:\nChoices:\nA) 2\nB) 5,The larger number is:\nChoices:\nA) 2\nB) 5,B,A,B,A
1 is less than 2.,1 is greater than 2.,ordering,ordering_1_2,The larger number is:\nChoices:\nA) 1\nB) 2,The larger number is:\nChoices:\nA) 1\nB) 2,B,A,B,A
6 is less than 7.,6 is greater than 7.,ordering,ordering_6_7,The larger number is:\nChoices:\nA) 6\nB) 7,The larger number is:\nChoices:\nA) 6\nB) 7,B,A,B,A
4 is less than 9.,4 is greater than 9.,ordering,ordering_4_9,The larger number is:\nChoices:\nA) 4\nB) 9,The larger number is:\nChoices:\nA) 4\nB) 9,B,A,B,A
-1 is less than 1.,-1 is greater than 1.,ordering,ordering_neg1_1,The larger number is:\nChoices:\nA) -1\nB) 1,The larger number is:\nChoices:\nA) -1\nB) 1,B,A,B,A
-2 is less than 0.,-2 is greater than 0.,ordering,ordering_neg2_0,The larger number is:\nChoices:\nA) -2\nB) 0,The larger number is:\nChoices:\nA) -2\nB) 0,B,A,B,A
5 is less than 8.,5 is greater than 8.,ordering,ordering_5_8,The larger number is:\nChoices:\nA) 5\nB) 8,The larger number is:\nChoices:\nA) 5\nB) 8,B,A,B,A
0 is less than 6.,0 is greater than 6.,ordering,ordering_0_6,The larger number is:\nChoices:\nA) 0\nB) 6,The larger number is:\nChoices:\nA) 0\nB) 6,B,A,B,A
7 is less than 15.,7 is greater than 15.,ordering,ordering_7_15,The larger number is:\nChoices:\nA) 7\nB) 15,The larger number is:\nChoices:\nA) 7\nB) 15,B,A,B,A
10 is less than 13.,10 is greater than 13.,ordering,ordering_10_13,The larger number is:\nChoices:\nA) 10\nB) 13,The larger number is:\nChoices:\nA) 10\nB) 13,B,A,B,A
21 is less than 24.,21 is greater than 24.,ordering,ordering_21_24,The larger number is:\nChoices:\nA) 21\nB) 24,The larger number is:\nChoices:\nA) 21\nB) 24,B,A,B,A
19 is less than 22.,19 is greater than 22.,ordering,ordering_19_22,The larger number is:\nChoices:\nA) 19\nB) 22,The larger number is:\nChoices:\nA) 19\nB) 22,B,A,B,A
-4 is less than -1.,-4 is greater than -1.,ordering,ordering_neg4_neg1,The larger number is:\nChoices:\nA) -4\nB) -1,The larger number is:\nChoices:\nA) -4\nB) -1,B,A,B,A
33 is less than 40.,33 is greater than 40.,ordering,ordering_33_40,The larger number is:\nChoices:\nA) 33\nB) 40,The larger number is:\nChoices:\nA) 33\nB) 40,B,A,B,A
60 is less than 80.,60 is greater than 80.,ordering,ordering_60_80,The larger number is:\nChoices:\nA) 60\nB) 80,The larger number is:\nChoices:\nA) 60\nB) 80,B,A,B,A
90 is less than 100.,90 is greater than 100.,ordering,ordering_90_100,The larger number is:\nChoices:\nA) 90\nB) 100,The larger number is:\nChoices:\nA) 90\nB) 100,B,A,B,A
45 is less than 90.,45 is greater than 90.,ordering,ordering_45_90,The larger number is:\nChoices:\nA) 45\nB) 90,The larger number is:\nChoices:\nA) 45\nB) 90,B,A,B,A
24 is less than 25.,24 is greater than 25.,ordering,ordering_24_25,The larger number is:\nChoices:\nA) 24\nB) 25,The larger number is:\nChoices:\nA) 24\nB) 25,B,A,B,A
26 is less than 27.,26 is greater than 27.,ordering,ordering_26_27,The larger number is:\nChoices:\nA) 26\nB) 27,The larger number is:\nChoices:\nA) 26\nB) 27,B,A,B,A
31 is less than 32.,31 is greater than 32.,ordering,ordering_31_32,The larger number is:\nChoices:\nA) 31\nB) 32,The larger number is:\nChoices:\nA) 31\nB) 32,B,A,B,A
A triangle has three sides.,A triangle has four sides.,geometry,triangle_sides,A triangle can be classified as:\nChoices:\nA) quadrilateral\nB) three-sided polygon,A triangle can be classified as:\nChoices:\nA) quadrilateral\nB) three-sided polygon,A,A,B,B
A rectangle has four sides.,A rectangle has three sides.,geometry,rectangle_sides,A rectangle can be classified as:\nChoices:\nA) triangle\nB) quadrilateral,A rectangle can be classified as:\nChoices:\nA) triangle\nB) quadrilateral,A,A,B,B
A pentagon has five sides.,A pentagon has four sides.,geometry,pentagon_sides,A pentagon can be classified as:\nChoices:\nA) quadrilateral\nB) five-sided polygon,A pentagon can be classified as:\nChoices:\nA) quadrilateral\nB) five-sided polygon,A,A,B,B
A hexagon has six sides.,A hexagon has five sides.,geometry,hexagon_sides,A hexagon can be classified as:\nChoices:\nA) five-sided polygon\nB) six-sided polygon,A hexagon can be classified as:\nChoices:\nA) five-sided polygon\nB) six-sided polygon,A,A,B,B
An octagon has eight sides.,An octagon has six sides.,geometry,octagon_sides,An octagon can be considered:\nChoices:\nA) a six-sided polygon\nB) an eight-sided polygon,An octagon can be considered:\nChoices:\nA) a six-sided polygon\nB) an eight-sided polygon,A,A,B,B
A decagon has ten sides.,A decagon has eight sides.,geometry,decagon_sides,A decagon can be classified as:\nChoices:\nA) eight-sided polygon\nB) ten-sided polygon,A decagon can be classified as:\nChoices:\nA) eight-sided polygon\nB) ten-sided polygon,A,A,B,B
A cube has six faces.,A cube has five faces.,geometry,cube_faces,The number of sides of a hexagon is:\nChoices:\nA) not equal to the number of sides of a cube\nB) equal to the number of sides of a cube,The number of sides of a hexagon is:\nChoices:\nA) not equal to the number of sides of a cube\nB) equal to the number of sides of a cube,A,A,B,B
A triangle's interior angles sum to 180 degrees.,A triangle's interior angles sum to 200 degrees.,geometry,triangle_anglesum,A triangle:\nChoices:\nA) can have angles sum to a value other than 180°\nB) must still have angles sum to 180°,A triangle:\nChoices:\nA) can have angles sum to a value other than 180°\nB) must still have angles sum to 180°,A,A,B,B
A rectangle has four right angles.,A rectangle has three right angles.,geometry,rectangle_rightangles,A shape with only three right angles:\nChoices:\nA) wouldn't close as a rectangle\nB) could still be a rectangle,A shape with only three right angles:\nChoices:\nA) wouldn't close as a rectangle\nB) could still be a rectangle,A,A,B,B
All sides of a square are equal in length.,All sides of a square are not equal in length.,geometry,square_equal_sides,This shape:\nChoices:\nA) would not meet the definition of a square\nB) could still be a square,This shape:\nChoices:\nA) would not meet the definition of a square\nB) could still be a square,A,A,B,B
Opposite sides of a rectangle are parallel.,Opposite sides of a rectangle are not parallel.,geometry,rectangle_parallel_sides,If you extended the opposite sides of a rectangle:\nChoices:\nA) they would intersect\nB) they would never intersect,If you extended the opposite sides of a rectangle:\nChoices:\nA) they would intersect\nB) they would never intersect,A,A,B,B
A diameter of a circle passes through its center.,A diameter of a circle does not pass through its center.,geometry,circle_diameter,A line across the circle:\nChoices:\nA) might not pass through the center\nB) must pass through the center,A line across the circle:\nChoices:\nA) might not pass through the center\nB) must pass through the center,A,A,B,B
A full circle is 360 degrees.,A full circle is 400 degrees.,geometry,circle_360deg,A 90° turn would be:\nChoices:\nA) a quarter of a circle\nB) less than a quarter of a circle,A 90° turn would be:\nChoices:\nA) a quarter of a circle\nB) less than a quarter of a circle,B,B,A,A
A right angle is 90 degrees.,A right angle is 100 degrees.,geometry,right_angle_90,Four right angles would sum to:\nChoices:\nA) 360°\nB) Something other than 360°,Four right angles would sum to:\nChoices:\nA) 360°\nB) Something other than 360°,B,B,A,A
A parallelogram's opposite angles are equal.,A parallelogram's opposite angles are not equal.,geometry,parallelogram_angles,A parallelogram:\nChoices:\nA) could have unequal opposite angles\nB) must have equal opposite angles,A parallelogram:\nChoices:\nA) could have unequal opposite angles\nB) must have equal opposite angles,A,A,B,B
The diagonals of a rectangle bisect each other.,The diagonals of a rectangle do not bisect each other.,geometry,rectangle_diagonals,The diagonals of a rectangle:\nChoices:\nA) might not have equal length\nB) must have equal length,The diagonals of a rectangle:\nChoices:\nA) might not have equal length\nB) must have equal length,A,A,B,B
A square's diagonals are equal in length.,A square's diagonals are not equal in length.,geometry,square_diagonals,If you compare two sides of a square:\nChoices:\nA) they might not be equal\nB) they must be equal,If you compare two sides of a square:\nChoices:\nA) they might not be equal\nB) they must be equal,A,A,B,B
All angles in an equilateral triangle are 60 degrees.,All angles in an equilateral triangle are 90 degrees.,geometry,equilateral_triangle_angles,An equilateral triangle:\nChoices:\nA) can have a right angle\nB) cannot have a right angle,An equilateral triangle:\nChoices:\nA) can have a right angle\nB) cannot have a right angle,A,A,B,B
A rhombus has four equal sides.,A rhombus does not have four equal sides.,geometry,rhombus_sides,If you compare two sides of a rhombus:\nChoices:\nA) they might be unequal\nB) they must be equal,If you compare two sides of a rhombus:\nChoices:\nA) they might be unequal\nB) they must be equal,A,A,B,B
A cube has 12 edges.,A cube has 10 edges.,geometry,cube_edges,It is:\nChoices:\nA) not actually a cube\nB) still a cube,It is:\nChoices:\nA) not actually a cube\nB) still a cube,A,A,B,B
The area of a rectangle is length times width.,The area of a rectangle is length plus width.,geometry,rectangle_area,"For a 5 by 2 rectangle, the formula would give an area of:\nChoices:\nA) 7\nB) 10","For a 5 by 2 rectangle, the area would be:\nChoices:\nA) 7\nB) 10",A,A,B,B
The area of a triangle is half its base times its height.,The area of a triangle is base times height.,geometry,triangle_area,"For a triangle with base 10 and height 10, the area formula would give:\nChoices:\nA) 50\nB) 100","For a triangle with base 10 and height 10, the area would be:\nChoices:\nA) 50\nB) 100",B,B,A,A
The circumference of a circle is 2πr.,The circumference of a circle is πr.,geometry,circle_circumference,The circumference of a circle is:\nChoices:\nA) half of its actual length\nB) equal to its actual length,The circle's circumference is:\nChoices:\nA) half of its actual length\nB) equal to its actual length,A,B,A,B
The sum of angles in a quadrilateral is 360 degrees.,The sum of angles in a quadrilateral is 180 degrees.,geometry,quadrilateral_anglesum,A four-sided shape:\nChoices:\nA) could have angles summing to 180°\nB) must have angles summing to 360°,A four-sided shape:\nChoices:\nA) could have angles summing to 180°\nB) must have angles summing to 360°,A,A,B,B
A scalene triangle has no equal sides.,A scalene triangle has two equal sides.,geometry,scalene_sides,A scalene triangle:\nChoices:\nA) may have two equal sides\nB) cannot have two equal sides,A scalene triangle:\nChoices:\nA) may have two equal sides\nB) cannot have two equal sides,A,A,B,B
An isosceles triangle has at least two equal sides.,An isosceles triangle has no equal sides.,geometry,isosceles_sides,An isosceles triangle:\nChoices:\nA) could have all sides different\nB) must have at least two equal sides,An isosceles triangle:\nChoices:\nA) could have all sides different\nB) must have at least two equal sides,A,A,B,B
All points on a circle are equidistant from the center.,Some points on a circle are closer to the center than others.,geometry,circle_radius,If you average two points on a circle:\nChoices:\nA) you cannot say where the average will land\nB) the average must be equal to the center,If you average two points on a circle:\nChoices:\nA) you cannot say where the average will land\nB) the average must be equal to the center,A,A,B,B
A square is a rectangle.,A square is not a rectangle.,geometry,square_rectangle,A square:\nChoices:\nA) must have four right angles\nB) does not have to have four right angles,A square:\nChoices:\nA) must have four right angles\nB) does not have to have four right angles,B,B,A,A
A square is a parallelogram.,A square is not a parallelogram.,geometry,square_parallelogram,A square:\nChoices:\nA) must have opposite sides parallel\nB) does not need opposite sides parallel,A square:\nChoices:\nA) must have opposite sides parallel\nB) does not need opposite sides parallel,B,B,A,A
A square is a rhombus.,A square is not a rhombus.,geometry,square_rhombus,A square:\nChoices:\nA) must have four equal sides\nB) does not need four equal sides,A square:\nChoices:\nA) must have four equal sides\nB) does not need four equal sides,B,B,A,A
A rectangle is a parallelogram.,A rectangle is not a parallelogram.,geometry,rectangle_parallelogram,A rectangle:\nChoices:\nA) must have opposite sides parallel\nB) does not need opposite sides parallel,A rectangle:\nChoices:\nA) must have opposite sides parallel\nB) does not need opposite sides parallel,B,B,A,A
A rhombus is a parallelogram.,A rhombus is not a parallelogram.,geometry,rhombus_parallelogram,A rhombus:\nChoices:\nA) must have opposite sides parallel\nB) does not need opposite sides parallel,A rhombus:\nChoices:\nA) must have opposite sides parallel\nB) does not need opposite sides parallel,B,B,A,A
A rectangle is a quadrilateral.,A rectangle is a triangle.,geometry,rectangle_quadrilateral,A rectangle:\nChoices:\nA) must have four sides\nB) does not need four sides,A rectangle:\nChoices:\nA) must have four sides\nB) does not need four sides,B,B,A,A
A triangle is a polygon.,A triangle is a quadrilateral.,geometry,triangle_is_polygon,A triangle:\nChoices:\nA) must have straight sides\nB) does not need to have straight sides,A triangle:\nChoices:\nA) must have straight sides\nB) does not need to have straight sides,B,B,A,A
A circle is an ellipse.,A circle is a polygon.,geometry,circle_ellipse,A circle:\nChoices:\nA) has two distinct focal points\nB) does not need two distinct focal points,A circle:\nChoices:\nA) has two distinct focal points\nB) does not need two distinct focal points,B,B,A,A
Parallel lines never intersect.,Parallel lines intersect.,geometry,parallel_lines,Parallel lines:\nChoices:\nA) will eventually meet\nB) will never meet,Parallel lines:\nChoices:\nA) will eventually meet\nB) will never meet,A,A,B,B
Perpendicular lines intersect at right angles.,Perpendicular lines do not intersect at right angles.,geometry,perpendicular_lines,Perpendicular lines:\nChoices:\nA) need not form a 90° angle\nB) must form a 90° angle,Perpendicular lines:\nChoices:\nA) need not form a 90° angle\nB) must form a 90° angle,A,A,B,B
A cube has 8 vertices.,A cube has 6 vertices.,geometry,cube_vertices,It is:\nChoices:\nA) not actually a cube\nB) still a cube,It is:\nChoices:\nA) not actually a cube\nB) still a cube,A,A,B,B
A reflex angle is more than 180 degrees.,A reflex angle is less than 180 degrees.,geometry,reflex_angle,A reflex angle:\nChoices:\nA) can be less than the sum of angles in a triangle\nB) is always more than the sum of angles in a triangle,A reflex angle:\nChoices:\nA) can be less than the sum of angles in a triangle\nB) is always more than the sum of angles in a triangle,A,A,B,B
A cylinder has two circular bases.,A cylinder has one circular base.,geometry,cylinder_bases,The object:\nChoices:\nA) is not a cylinder\nB) can still be a cylinder,The object:\nChoices:\nA) is not a cylinder\nB) can still be a cylinder,A,A,B,B
A meter is shorter than a kilometer.,A meter is longer than a kilometer.,measurement,meter_vs_kilometer,1 meter is:\nChoices:\nA) longer than 1 kilometer\nB) shorter than 1 kilometer,1 meter is:\nChoices:\nA) longer than 1 kilometer\nB) shorter than 1 kilometer,A,A,B,B
A centimeter is shorter than a meter.,A centimeter is longer than a meter.,measurement,centimeter_vs_meter,1 centimeter is:\nChoices:\nA) longer than 1 meter\nB) shorter than 1 meter,1 centimeter is:\nChoices:\nA) longer than 1 meter\nB) shorter than 1 meter,A,A,B,B
A kilogram is heavier than a gram.,A kilogram is lighter than a gram.,measurement,kilogram_vs_gram,1 kilogram is:\nChoices:\nA) heavier than 1 gram\nB) lighter than 1 gram,1 kilogram is:\nChoices:\nA) heavier than 1 gram\nB) lighter than 1 gram,A,A,B,B
A pound is heavier than an ounce.,A pound is lighter than an ounce.,measurement,pound_vs_ounce,1 pound is:\nChoices:\nA) heavier than 1 ounce\nB) lighter than 1 ounce,1 pound is:\nChoices:\nA) heavier than 1 ounce\nB) lighter than 1 ounce,A,A,B,B
A liter is less than a gallon.,A liter is more than a gallon.,measurement,liter_vs_gallon,1 liter is:\nChoices:\nA) more than 1 gallon\nB) less than 1 gallon,1 liter is:\nChoices:\nA) more than 1 gallon\nB) less than 1 gallon,A,A,B,B
A meter is longer than a foot.,A meter is shorter than a foot.,measurement,meter_vs_foot,1 meter is:\nChoices:\nA) longer than 1 foot\nB) shorter than 1 foot,1 meter is:\nChoices:\nA) longer than 1 foot\nB) shorter than 1 foot,B,B,A,A
A kilometer is shorter than a mile.,A kilometer is longer than a mile.,measurement,kilometer_vs_mile,1 kilometer is:\nChoices:\nA) longer than 1 mile\nB) shorter than 1 mile,1 kilometer is:\nChoices:\nA) longer than 1 mile\nB) shorter than 1 mile,A,A,B,B
An hour is shorter than a day.,An hour is longer than a day.,measurement,hour_vs_day,1 hour is:\nChoices:\nA) longer than 1 day\nB) shorter than 1 day,1 hour is:\nChoices:\nA) longer than 1 day\nB) shorter than 1 day,A,A,B,B
A minute is shorter than an hour.,A minute is longer than an hour.,measurement,minute_vs_hour,1 minute is:\nChoices:\nA) longer than 1 hour\nB) shorter than 1 hour,1 minute is:\nChoices:\nA) longer than 1 hour\nB) shorter than 1 hour,A,A,B,B
1 kilometer is 1000 meters.,1 kilometer is 100 meters.,measurement,kilometer_to_meter,1000 meters equal:\nChoices:\nA) 1 kilometer\nB) 10 kilometers,1000 meters equal:\nChoices:\nA) 1 kilometer\nB) 10 kilometers,B,B,A,A
1 meter is 100 centimeters.,1 meter is 10 centimeters.,measurement,meter_to_centimeter,100 centimeters make:\nChoices:\nA) 1 meter\nB) 10 meters,100 centimeters make:\nChoices:\nA) 1 meter\nB) 10 meters,B,B,A,A
1 foot is 12 inches.,1 foot is 10 inches.,measurement,foot_to_inch,120 inches equal:\nChoices:\nA) 10 feet\nB) 12 feet,120 inches equal:\nChoices:\nA) 10 feet\nB) 12 feet,A,B,A,B
1 pound is 16 ounces.,1 pound is 10 ounces.,measurement,pound_to_ounce,160 ounces equal:\nChoices:\nA) 10 pounds\nB) 16 pounds,160 ounces equal:\nChoices:\nA) 10 pounds\nB) 16 pounds,A,B,A,B
1 kilogram is 1000 grams.,1 kilogram is 100 grams.,measurement,kilogram_to_gram,1000 grams equal:\nChoices:\nA) 1 kilogram\nB) 10 kilograms,1000 grams equal:\nChoices:\nA) 1 kilogram\nB) 10 kilograms,B,B,A,A
1 liter is 1000 milliliters.,1 liter is 100 milliliters.,measurement,liter_to_milliliter,1000 milliliters equal:\nChoices:\nA) 1 liter\nB) 10 liters,1000 milliliters equal:\nChoices:\nA) 1 liter\nB) 10 liters,B,B,A,A
1 meter is 1000 millimeters.,1 meter is 100 millimeters.,measurement,meter_to_millimeter,1000 millimeters equal:\nChoices:\nA) 1 meter\nB) 10 meters,1000 millimeters equal:\nChoices:\nA) 1 meter\nB) 10 meters,B,B,A,A
1 centimeter is 10 millimeters.,1 centimeter is 100 millimeters.,measurement,centimeter_to_millimeter,100 millimeters equal:\nChoices:\nA) 1 centimeter\nB) 10 centimeters,100 millimeters equal:\nChoices:\nA) 1 centimeter\nB) 10 centimeters,A,A,B,B
1 hour is 60 minutes.,1 hour is 100 minutes.,measurement,hour_to_minute,300 minutes equal:\nChoices:\nA) 5 hours\nB) 3 hours,300 minutes equal:\nChoices:\nA) 5 hours\nB) 3 hours,A,B,A,B
1 minute is 60 seconds.,1 minute is 100 seconds.,measurement,minute_to_second,300 seconds equal:\nChoices:\nA) 5 minutes\nB) 3 minutes,300 seconds equal:\nChoices:\nA) 5 minutes\nB) 3 minutes,A,B,A,B
1 day is 24 hours.,1 day is 20 hours.,measurement,day_to_hour,120 hours equal:\nChoices:\nA) 5 days\nB) 6 days,120 hours equal:\nChoices:\nA) 5 days\nB) 6 days,A,B,A,B
1 week is 7 days.,1 week is 10 days.,measurement,week_to_day,70 days equal:\nChoices:\nA) 10 weeks\nB) 7 weeks,70 days equal:\nChoices:\nA) 10 weeks\nB) 7 weeks,A,B,A,B
A year has 12 months.,A year has 10 months.,measurement,year_months,A decade spans:\nChoices:\nA) 120 months\nB) 100 months,A decade spans:\nChoices:\nA) 120 months\nB) 100 months,A,B,A,B
A decade has 10 years.,A decade has 12 years.,measurement,decade_years,120 years equal:\nChoices:\nA) 12 decades\nB) 10 decades,120 years equal:\nChoices:\nA) 12 decades\nB) 10 decades,A,B,A,B
A century is 100 years.,A century is 1000 years.,measurement,century_years,1000 years equal:\nChoices:\nA) 10 centuries\nB) 1 century,1000 years equal:\nChoices:\nA) 10 centuries\nB) 1 century,A,B,A,B
1 mile is 5280 feet.,1 mile is 5000 feet.,measurement,mile_to_feet,5000 feet equal:\nChoices:\nA) 0.95 miles\nB) 1 mile,5280 feet equal:\nChoices:\nA) 1 mile\nB) 1.056 miles,A,B,A,B
Water boils at 100°C at sea level.,Water boils at 50°C at sea level.,measurement,boiling_point,"At sea level, heating water to 100°C will:\nChoices:\nA) guarantee boiling\nB) not guarantee boiling",Heating water to 100°C at sea level will:\nChoices:\nA) guarantee boiling\nB) not guarantee boiling,B,A,B,A
Water freezes at 0°C at sea level.,Water freezes at 10°C at sea level.,measurement,freezing_point,"At 0°C, water will:\nChoices:\nA) turn to ice\nB) remain liquid","At 0°C, water will:\nChoices:\nA) turn to ice\nB) remain liquid",B,A,B,A
Normal human body temperature is about 37°C.,Normal human body temperature is about 30°C.,measurement,body_temperature,A thermometer reading of 37°C would indicate:\nChoices:\nA) a fever\nB) normal body temperature,A reading of 37°C would indicate:\nChoices:\nA) a fever\nB) normal body temperature,A,B,A,B
Sound travels slower than light.,Sound travels faster than light.,measurement,sound_vs_light,"In a thunderstorm, you would:\nChoices:\nA) see lightning before hearing thunder\nB) hear thunder before seeing lightning",In a thunderstorm you would:\nChoices:\nA) see lightning before hearing thunder\nB) hear thunder before seeing lightning,A,B,A,B
Absolute zero is -273.15°C.,Absolute zero is 0°C.,measurement,absolute_zero,No object can be cooled below:\nChoices:\nA) 0°C\nB) -273.15°C,No object can be cooled below:\nChoices:\nA) 0°C\nB) -273.15°C,A,A,B,B
The Earth rotates once every 24 hours.,The Earth rotates once every 30 hours.,measurement,earth_rotation,After 24 hours the Earth will:\nChoices:\nA) not complete one rotation\nB) complete one rotation,After 24 hours the Earth will:\nChoices:\nA) not complete one rotation\nB) complete one rotation,A,B,A,B
The Earth orbits the Sun in about 365 days.,The Earth orbits the Sun in about 200 days.,measurement,earth_orbit,Seasons in one year would:\nChoices:\nA) change more quickly\nB) last the same as now,Seasons in one year would:\nChoices:\nA) change more quickly\nB) last the same as now,A,B,A,B
"The speed of light is about 300,000 km per second.",The speed of light is about 300 km per second.,measurement,light_speed,"To travel 300,000 km, light would take:\nChoices:\nA) about 1 second\nB) about 1000 seconds","To travel 300,000 km, light would take:\nChoices:\nA) about 1 second\nB) about 1000 seconds",B,A,B,A
A year has approximately 52 weeks.,A year has approximately 60 weeks.,measurement,year_weeks,One year lasts:\nChoices:\nA) ~52 weeks\nB) 60 weeks,One year lasts:\nChoices:\nA) ~52 weeks\nB) 60 weeks,B,A,B,A
100°C is 212°F.,100°C is 100°F.,measurement,100C_to_F,"At water's boiling point, a Fahrenheit thermometer would read:\nChoices:\nA) 212°\nB) 100°","At water's boiling point, a Fahrenheit thermometer would read:\nChoices:\nA) 212°\nB) 100°",B,A,B,A
0°C is 32°F.,0°C is 0°F.,measurement,0C_to_F,"At water's freezing point, a Fahrenheit thermometer would read:\nChoices:\nA) 32°\nB) 0°","At water's freezing point, a Fahrenheit thermometer would read:\nChoices:\nA) 32°\nB) 0°",B,A,B,A
Room temperature is about 20°C.,Room temperature is about 0°C.,measurement,room_temperature,20°C would feel:\nChoices:\nA) warm\nB) freezing,20°C would feel:\nChoices:\nA) warm\nB) freezing,A,B,A,B
A millennium is 1000 years.,A millennium is 100 years.,measurement,millennium_years,1000 years is:\nChoices:\nA) one millennium\nB) ten millennia,1000 years is:\nChoices:\nA) one millennium\nB) ten millennia,A,B,A,B
A nanosecond is one billionth of a second.,A nanosecond is one millionth of a second.,measurement,nanosecond,1 nanosecond is:\nChoices:\nA) shorter than 1 microsecond\nB) longer than 1 microsecond,1 nanosecond is:\nChoices:\nA) shorter than 1 microsecond\nB) longer than 1 microsecond,A,B,A,B
A microsecond is one millionth of a second.,A microsecond is one thousandth of a second.,measurement,microsecond,1 microsecond is:\nChoices:\nA) shorter than 1 millisecond\nB) longer than 1 millisecond,1 microsecond is:\nChoices:\nA) shorter than 1 millisecond\nB) longer than 1 millisecond,A,B,A,B
